image_path,label
ped2/train/01/000.jpg,0
ped2/train/01/001.jpg,0
ped2/train/01/002.jpg,0
ped2/train/01/003.jpg,0
ped2/train/01/004.jpg,0
ped2/train/01/005.jpg,0
ped2/train/01/006.jpg,0
ped2/train/01/007.jpg,0
ped2/train/01/008.jpg,0
ped2/train/01/009.jpg,0
ped2/train/01/010.jpg,0
ped2/train/01/011.jpg,0
ped2/train/01/012.jpg,0
ped2/train/01/013.jpg,0
ped2/train/01/014.jpg,0
ped2/train/01/015.jpg,0
ped2/train/01/016.jpg,0
ped2/train/01/017.jpg,0
ped2/train/01/018.jpg,0
ped2/train/01/019.jpg,0
ped2/train/01/020.jpg,0
ped2/train/01/021.jpg,0
ped2/train/01/022.jpg,0
ped2/train/01/023.jpg,0
ped2/train/01/024.jpg,0
ped2/train/01/025.jpg,0
ped2/train/01/026.jpg,0
ped2/train/01/027.jpg,0
ped2/train/01/028.jpg,0
ped2/train/01/029.jpg,0
ped2/train/01/030.jpg,0
ped2/train/01/031.jpg,0
ped2/train/01/032.jpg,0
ped2/train/01/033.jpg,0
ped2/train/01/034.jpg,0
ped2/train/01/035.jpg,0
ped2/train/01/036.jpg,0
ped2/train/01/037.jpg,0
ped2/train/01/038.jpg,0
ped2/train/01/039.jpg,0
ped2/train/01/040.jpg,0
ped2/train/01/041.jpg,0
ped2/train/01/042.jpg,0
ped2/train/01/043.jpg,0
ped2/train/01/044.jpg,0
ped2/train/01/045.jpg,0
ped2/train/01/046.jpg,0
ped2/train/01/047.jpg,0
ped2/train/01/048.jpg,0
ped2/train/01/049.jpg,0
ped2/train/01/050.jpg,0
ped2/train/01/051.jpg,0
ped2/train/01/052.jpg,0
ped2/train/01/053.jpg,0
ped2/train/01/054.jpg,0
ped2/train/01/055.jpg,0
ped2/train/01/056.jpg,0
ped2/train/01/057.jpg,0
ped2/train/01/058.jpg,0
ped2/train/01/059.jpg,0
ped2/train/01/060.jpg,0
ped2/train/01/061.jpg,0
ped2/train/01/062.jpg,0
ped2/train/01/063.jpg,0
ped2/train/01/064.jpg,0
ped2/train/01/065.jpg,0
ped2/train/01/066.jpg,0
ped2/train/01/067.jpg,0
ped2/train/01/068.jpg,0
ped2/train/01/069.jpg,0
ped2/train/01/070.jpg,0
ped2/train/01/071.jpg,0
ped2/train/01/072.jpg,0
ped2/train/01/073.jpg,0
ped2/train/01/074.jpg,0
ped2/train/01/075.jpg,0
ped2/train/01/076.jpg,0
ped2/train/01/077.jpg,0
ped2/train/01/078.jpg,0
ped2/train/01/079.jpg,0
ped2/train/01/080.jpg,0
ped2/train/01/081.jpg,0
ped2/train/01/082.jpg,0
ped2/train/01/083.jpg,0
ped2/train/01/084.jpg,0
ped2/train/01/085.jpg,0
ped2/train/01/086.jpg,0
ped2/train/01/087.jpg,0
ped2/train/01/088.jpg,0
ped2/train/01/089.jpg,0
ped2/train/01/090.jpg,0
ped2/train/01/091.jpg,0
ped2/train/01/092.jpg,0
ped2/train/01/093.jpg,0
ped2/train/01/094.jpg,0
ped2/train/01/095.jpg,0
ped2/train/01/096.jpg,0
ped2/train/01/097.jpg,0
ped2/train/01/098.jpg,0
ped2/train/01/099.jpg,0
ped2/train/01/100.jpg,0
ped2/train/01/101.jpg,0
ped2/train/01/102.jpg,0
ped2/train/01/103.jpg,0
ped2/train/01/104.jpg,0
ped2/train/01/105.jpg,0
ped2/train/01/106.jpg,0
ped2/train/01/107.jpg,0
ped2/train/01/108.jpg,0
ped2/train/01/109.jpg,0
ped2/train/01/110.jpg,0
ped2/train/01/111.jpg,0
ped2/train/01/112.jpg,0
ped2/train/01/113.jpg,0
ped2/train/01/114.jpg,0
ped2/train/01/115.jpg,0
ped2/train/01/116.jpg,0
ped2/train/01/117.jpg,0
ped2/train/01/118.jpg,0
ped2/train/01/119.jpg,0
ped2/train/02/000.jpg,0
ped2/train/02/001.jpg,0
ped2/train/02/002.jpg,0
ped2/train/02/003.jpg,0
ped2/train/02/004.jpg,0
ped2/train/02/005.jpg,0
ped2/train/02/006.jpg,0
ped2/train/02/007.jpg,0
ped2/train/02/008.jpg,0
ped2/train/02/009.jpg,0
ped2/train/02/010.jpg,0
ped2/train/02/011.jpg,0
ped2/train/02/012.jpg,0
ped2/train/02/013.jpg,0
ped2/train/02/014.jpg,0
ped2/train/02/015.jpg,0
ped2/train/02/016.jpg,0
ped2/train/02/017.jpg,0
ped2/train/02/018.jpg,0
ped2/train/02/019.jpg,0
ped2/train/02/020.jpg,0
ped2/train/02/021.jpg,0
ped2/train/02/022.jpg,0
ped2/train/02/023.jpg,0
ped2/train/02/024.jpg,0
ped2/train/02/025.jpg,0
ped2/train/02/026.jpg,0
ped2/train/02/027.jpg,0
ped2/train/02/028.jpg,0
ped2/train/02/029.jpg,0
ped2/train/02/030.jpg,0
ped2/train/02/031.jpg,0
ped2/train/02/032.jpg,0
ped2/train/02/033.jpg,0
ped2/train/02/034.jpg,0
ped2/train/02/035.jpg,0
ped2/train/02/036.jpg,0
ped2/train/02/037.jpg,0
ped2/train/02/038.jpg,0
ped2/train/02/039.jpg,0
ped2/train/02/040.jpg,0
ped2/train/02/041.jpg,0
ped2/train/02/042.jpg,0
ped2/train/02/043.jpg,0
ped2/train/02/044.jpg,0
ped2/train/02/045.jpg,0
ped2/train/02/046.jpg,0
ped2/train/02/047.jpg,0
ped2/train/02/048.jpg,0
ped2/train/02/049.jpg,0
ped2/train/02/050.jpg,0
ped2/train/02/051.jpg,0
ped2/train/02/052.jpg,0
ped2/train/02/053.jpg,0
ped2/train/02/054.jpg,0
ped2/train/02/055.jpg,0
ped2/train/02/056.jpg,0
ped2/train/02/057.jpg,0
ped2/train/02/058.jpg,0
ped2/train/02/059.jpg,0
ped2/train/02/060.jpg,0
ped2/train/02/061.jpg,0
ped2/train/02/062.jpg,0
ped2/train/02/063.jpg,0
ped2/train/02/064.jpg,0
ped2/train/02/065.jpg,0
ped2/train/02/066.jpg,0
ped2/train/02/067.jpg,0
ped2/train/02/068.jpg,0
ped2/train/02/069.jpg,0
ped2/train/02/070.jpg,0
ped2/train/02/071.jpg,0
ped2/train/02/072.jpg,0
ped2/train/02/073.jpg,0
ped2/train/02/074.jpg,0
ped2/train/02/075.jpg,0
ped2/train/02/076.jpg,0
ped2/train/02/077.jpg,0
ped2/train/02/078.jpg,0
ped2/train/02/079.jpg,0
ped2/train/02/080.jpg,0
ped2/train/02/081.jpg,0
ped2/train/02/082.jpg,0
ped2/train/02/083.jpg,0
ped2/train/02/084.jpg,0
ped2/train/02/085.jpg,0
ped2/train/02/086.jpg,0
ped2/train/02/087.jpg,0
ped2/train/02/088.jpg,0
ped2/train/02/089.jpg,0
ped2/train/02/090.jpg,0
ped2/train/02/091.jpg,0
ped2/train/02/092.jpg,0
ped2/train/02/093.jpg,0
ped2/train/02/094.jpg,0
ped2/train/02/095.jpg,0
ped2/train/02/096.jpg,0
ped2/train/02/097.jpg,0
ped2/train/02/098.jpg,0
ped2/train/02/099.jpg,0
ped2/train/02/100.jpg,0
ped2/train/02/101.jpg,0
ped2/train/02/102.jpg,0
ped2/train/02/103.jpg,0
ped2/train/02/104.jpg,0
ped2/train/02/105.jpg,0
ped2/train/02/106.jpg,0
ped2/train/02/107.jpg,0
ped2/train/02/108.jpg,0
ped2/train/02/109.jpg,0
ped2/train/02/110.jpg,0
ped2/train/02/111.jpg,0
ped2/train/02/112.jpg,0
ped2/train/02/113.jpg,0
ped2/train/02/114.jpg,0
ped2/train/02/115.jpg,0
ped2/train/02/116.jpg,0
ped2/train/02/117.jpg,0
ped2/train/02/118.jpg,0
ped2/train/02/119.jpg,0
ped2/train/02/120.jpg,0
ped2/train/02/121.jpg,0
ped2/train/02/122.jpg,0
ped2/train/02/123.jpg,0
ped2/train/02/124.jpg,0
ped2/train/02/125.jpg,0
ped2/train/02/126.jpg,0
ped2/train/02/127.jpg,0
ped2/train/02/128.jpg,0
ped2/train/02/129.jpg,0
ped2/train/02/130.jpg,0
ped2/train/02/131.jpg,0
ped2/train/02/132.jpg,0
ped2/train/02/133.jpg,0
ped2/train/02/134.jpg,0
ped2/train/02/135.jpg,0
ped2/train/02/136.jpg,0
ped2/train/02/137.jpg,0
ped2/train/02/138.jpg,0
ped2/train/02/139.jpg,0
ped2/train/02/140.jpg,0
ped2/train/02/141.jpg,0
ped2/train/02/142.jpg,0
ped2/train/02/143.jpg,0
ped2/train/02/144.jpg,0
ped2/train/02/145.jpg,0
ped2/train/02/146.jpg,0
ped2/train/02/147.jpg,0
ped2/train/02/148.jpg,0
ped2/train/02/149.jpg,0
ped2/train/03/000.jpg,0
ped2/train/03/001.jpg,0
ped2/train/03/002.jpg,0
ped2/train/03/003.jpg,0
ped2/train/03/004.jpg,0
ped2/train/03/005.jpg,0
ped2/train/03/006.jpg,0
ped2/train/03/007.jpg,0
ped2/train/03/008.jpg,0
ped2/train/03/009.jpg,0
ped2/train/03/010.jpg,0
ped2/train/03/011.jpg,0
ped2/train/03/012.jpg,0
ped2/train/03/013.jpg,0
ped2/train/03/014.jpg,0
ped2/train/03/015.jpg,0
ped2/train/03/016.jpg,0
ped2/train/03/017.jpg,0
ped2/train/03/018.jpg,0
ped2/train/03/019.jpg,0
ped2/train/03/020.jpg,0
ped2/train/03/021.jpg,0
ped2/train/03/022.jpg,0
ped2/train/03/023.jpg,0
ped2/train/03/024.jpg,0
ped2/train/03/025.jpg,0
ped2/train/03/026.jpg,0
ped2/train/03/027.jpg,0
ped2/train/03/028.jpg,0
ped2/train/03/029.jpg,0
ped2/train/03/030.jpg,0
ped2/train/03/031.jpg,0
ped2/train/03/032.jpg,0
ped2/train/03/033.jpg,0
ped2/train/03/034.jpg,0
ped2/train/03/035.jpg,0
ped2/train/03/036.jpg,0
ped2/train/03/037.jpg,0
ped2/train/03/038.jpg,0
ped2/train/03/039.jpg,0
ped2/train/03/040.jpg,0
ped2/train/03/041.jpg,0
ped2/train/03/042.jpg,0
ped2/train/03/043.jpg,0
ped2/train/03/044.jpg,0
ped2/train/03/045.jpg,0
ped2/train/03/046.jpg,0
ped2/train/03/047.jpg,0
ped2/train/03/048.jpg,0
ped2/train/03/049.jpg,0
ped2/train/03/050.jpg,0
ped2/train/03/051.jpg,0
ped2/train/03/052.jpg,0
ped2/train/03/053.jpg,0
ped2/train/03/054.jpg,0
ped2/train/03/055.jpg,0
ped2/train/03/056.jpg,0
ped2/train/03/057.jpg,0
ped2/train/03/058.jpg,0
ped2/train/03/059.jpg,0
ped2/train/03/060.jpg,0
ped2/train/03/061.jpg,0
ped2/train/03/062.jpg,0
ped2/train/03/063.jpg,0
ped2/train/03/064.jpg,0
ped2/train/03/065.jpg,0
ped2/train/03/066.jpg,0
ped2/train/03/067.jpg,0
ped2/train/03/068.jpg,0
ped2/train/03/069.jpg,0
ped2/train/03/070.jpg,0
ped2/train/03/071.jpg,0
ped2/train/03/072.jpg,0
ped2/train/03/073.jpg,0
ped2/train/03/074.jpg,0
ped2/train/03/075.jpg,0
ped2/train/03/076.jpg,0
ped2/train/03/077.jpg,0
ped2/train/03/078.jpg,0
ped2/train/03/079.jpg,0
ped2/train/03/080.jpg,0
ped2/train/03/081.jpg,0
ped2/train/03/082.jpg,0
ped2/train/03/083.jpg,0
ped2/train/03/084.jpg,0
ped2/train/03/085.jpg,0
ped2/train/03/086.jpg,0
ped2/train/03/087.jpg,0
ped2/train/03/088.jpg,0
ped2/train/03/089.jpg,0
ped2/train/03/090.jpg,0
ped2/train/03/091.jpg,0
ped2/train/03/092.jpg,0
ped2/train/03/093.jpg,0
ped2/train/03/094.jpg,0
ped2/train/03/095.jpg,0
ped2/train/03/096.jpg,0
ped2/train/03/097.jpg,0
ped2/train/03/098.jpg,0
ped2/train/03/099.jpg,0
ped2/train/03/100.jpg,0
ped2/train/03/101.jpg,0
ped2/train/03/102.jpg,0
ped2/train/03/103.jpg,0
ped2/train/03/104.jpg,0
ped2/train/03/105.jpg,0
ped2/train/03/106.jpg,0
ped2/train/03/107.jpg,0
ped2/train/03/108.jpg,0
ped2/train/03/109.jpg,0
ped2/train/03/110.jpg,0
ped2/train/03/111.jpg,0
ped2/train/03/112.jpg,0
ped2/train/03/113.jpg,0
ped2/train/03/114.jpg,0
ped2/train/03/115.jpg,0
ped2/train/03/116.jpg,0
ped2/train/03/117.jpg,0
ped2/train/03/118.jpg,0
ped2/train/03/119.jpg,0
ped2/train/03/120.jpg,0
ped2/train/03/121.jpg,0
ped2/train/03/122.jpg,0
ped2/train/03/123.jpg,0
ped2/train/03/124.jpg,0
ped2/train/03/125.jpg,0
ped2/train/03/126.jpg,0
ped2/train/03/127.jpg,0
ped2/train/03/128.jpg,0
ped2/train/03/129.jpg,0
ped2/train/03/130.jpg,0
ped2/train/03/131.jpg,0
ped2/train/03/132.jpg,0
ped2/train/03/133.jpg,0
ped2/train/03/134.jpg,0
ped2/train/03/135.jpg,0
ped2/train/03/136.jpg,0
ped2/train/03/137.jpg,0
ped2/train/03/138.jpg,0
ped2/train/03/139.jpg,0
ped2/train/03/140.jpg,0
ped2/train/03/141.jpg,0
ped2/train/03/142.jpg,0
ped2/train/03/143.jpg,0
ped2/train/03/144.jpg,0
ped2/train/03/145.jpg,0
ped2/train/03/146.jpg,0
ped2/train/03/147.jpg,0
ped2/train/03/148.jpg,0
ped2/train/03/149.jpg,0
ped2/train/04/000.jpg,0
ped2/train/04/001.jpg,0
ped2/train/04/002.jpg,0
ped2/train/04/003.jpg,0
ped2/train/04/004.jpg,0
ped2/train/04/005.jpg,0
ped2/train/04/006.jpg,0
ped2/train/04/007.jpg,0
ped2/train/04/008.jpg,0
ped2/train/04/009.jpg,0
ped2/train/04/010.jpg,0
ped2/train/04/011.jpg,0
ped2/train/04/012.jpg,0
ped2/train/04/013.jpg,0
ped2/train/04/014.jpg,0
ped2/train/04/015.jpg,0
ped2/train/04/016.jpg,0
ped2/train/04/017.jpg,0
ped2/train/04/018.jpg,0
ped2/train/04/019.jpg,0
ped2/train/04/020.jpg,0
ped2/train/04/021.jpg,0
ped2/train/04/022.jpg,0
ped2/train/04/023.jpg,0
ped2/train/04/024.jpg,0
ped2/train/04/025.jpg,0
ped2/train/04/026.jpg,0
ped2/train/04/027.jpg,0
ped2/train/04/028.jpg,0
ped2/train/04/029.jpg,0
ped2/train/04/030.jpg,0
ped2/train/04/031.jpg,0
ped2/train/04/032.jpg,0
ped2/train/04/033.jpg,0
ped2/train/04/034.jpg,0
ped2/train/04/035.jpg,0
ped2/train/04/036.jpg,0
ped2/train/04/037.jpg,0
ped2/train/04/038.jpg,0
ped2/train/04/039.jpg,0
ped2/train/04/040.jpg,0
ped2/train/04/041.jpg,0
ped2/train/04/042.jpg,0
ped2/train/04/043.jpg,0
ped2/train/04/044.jpg,0
ped2/train/04/045.jpg,0
ped2/train/04/046.jpg,0
ped2/train/04/047.jpg,0
ped2/train/04/048.jpg,0
ped2/train/04/049.jpg,0
ped2/train/04/050.jpg,0
ped2/train/04/051.jpg,0
ped2/train/04/052.jpg,0
ped2/train/04/053.jpg,0
ped2/train/04/054.jpg,0
ped2/train/04/055.jpg,0
ped2/train/04/056.jpg,0
ped2/train/04/057.jpg,0
ped2/train/04/058.jpg,0
ped2/train/04/059.jpg,0
ped2/train/04/060.jpg,0
ped2/train/04/061.jpg,0
ped2/train/04/062.jpg,0
ped2/train/04/063.jpg,0
ped2/train/04/064.jpg,0
ped2/train/04/065.jpg,0
ped2/train/04/066.jpg,0
ped2/train/04/067.jpg,0
ped2/train/04/068.jpg,0
ped2/train/04/069.jpg,0
ped2/train/04/070.jpg,0
ped2/train/04/071.jpg,0
ped2/train/04/072.jpg,0
ped2/train/04/073.jpg,0
ped2/train/04/074.jpg,0
ped2/train/04/075.jpg,0
ped2/train/04/076.jpg,0
ped2/train/04/077.jpg,0
ped2/train/04/078.jpg,0
ped2/train/04/079.jpg,0
ped2/train/04/080.jpg,0
ped2/train/04/081.jpg,0
ped2/train/04/082.jpg,0
ped2/train/04/083.jpg,0
ped2/train/04/084.jpg,0
ped2/train/04/085.jpg,0
ped2/train/04/086.jpg,0
ped2/train/04/087.jpg,0
ped2/train/04/088.jpg,0
ped2/train/04/089.jpg,0
ped2/train/04/090.jpg,0
ped2/train/04/091.jpg,0
ped2/train/04/092.jpg,0
ped2/train/04/093.jpg,0
ped2/train/04/094.jpg,0
ped2/train/04/095.jpg,0
ped2/train/04/096.jpg,0
ped2/train/04/097.jpg,0
ped2/train/04/098.jpg,0
ped2/train/04/099.jpg,0
ped2/train/04/100.jpg,0
ped2/train/04/101.jpg,0
ped2/train/04/102.jpg,0
ped2/train/04/103.jpg,0
ped2/train/04/104.jpg,0
ped2/train/04/105.jpg,0
ped2/train/04/106.jpg,0
ped2/train/04/107.jpg,0
ped2/train/04/108.jpg,0
ped2/train/04/109.jpg,0
ped2/train/04/110.jpg,0
ped2/train/04/111.jpg,0
ped2/train/04/112.jpg,0
ped2/train/04/113.jpg,0
ped2/train/04/114.jpg,0
ped2/train/04/115.jpg,0
ped2/train/04/116.jpg,0
ped2/train/04/117.jpg,0
ped2/train/04/118.jpg,0
ped2/train/04/119.jpg,0
ped2/train/04/120.jpg,0
ped2/train/04/121.jpg,0
ped2/train/04/122.jpg,0
ped2/train/04/123.jpg,0
ped2/train/04/124.jpg,0
ped2/train/04/125.jpg,0
ped2/train/04/126.jpg,0
ped2/train/04/127.jpg,0
ped2/train/04/128.jpg,0
ped2/train/04/129.jpg,0
ped2/train/04/130.jpg,0
ped2/train/04/131.jpg,0
ped2/train/04/132.jpg,0
ped2/train/04/133.jpg,0
ped2/train/04/134.jpg,0
ped2/train/04/135.jpg,0
ped2/train/04/136.jpg,0
ped2/train/04/137.jpg,0
ped2/train/04/138.jpg,0
ped2/train/04/139.jpg,0
ped2/train/04/140.jpg,0
ped2/train/04/141.jpg,0
ped2/train/04/142.jpg,0
ped2/train/04/143.jpg,0
ped2/train/04/144.jpg,0
ped2/train/04/145.jpg,0
ped2/train/04/146.jpg,0
ped2/train/04/147.jpg,0
ped2/train/04/148.jpg,0
ped2/train/04/149.jpg,0
ped2/train/04/150.jpg,0
ped2/train/04/151.jpg,0
ped2/train/04/152.jpg,0
ped2/train/04/153.jpg,0
ped2/train/04/154.jpg,0
ped2/train/04/155.jpg,0
ped2/train/04/156.jpg,0
ped2/train/04/157.jpg,0
ped2/train/04/158.jpg,0
ped2/train/04/159.jpg,0
ped2/train/04/160.jpg,0
ped2/train/04/161.jpg,0
ped2/train/04/162.jpg,0
ped2/train/04/163.jpg,0
ped2/train/04/164.jpg,0
ped2/train/04/165.jpg,0
ped2/train/04/166.jpg,0
ped2/train/04/167.jpg,0
ped2/train/04/168.jpg,0
ped2/train/04/169.jpg,0
ped2/train/04/170.jpg,0
ped2/train/04/171.jpg,0
ped2/train/04/172.jpg,0
ped2/train/04/173.jpg,0
ped2/train/04/174.jpg,0
ped2/train/04/175.jpg,0
ped2/train/04/176.jpg,0
ped2/train/04/177.jpg,0
ped2/train/04/178.jpg,0
ped2/train/04/179.jpg,0
ped2/train/05/000.jpg,0
ped2/train/05/001.jpg,0
ped2/train/05/002.jpg,0
ped2/train/05/003.jpg,0
ped2/train/05/004.jpg,0
ped2/train/05/005.jpg,0
ped2/train/05/006.jpg,0
ped2/train/05/007.jpg,0
ped2/train/05/008.jpg,0
ped2/train/05/009.jpg,0
ped2/train/05/010.jpg,0
ped2/train/05/011.jpg,0
ped2/train/05/012.jpg,0
ped2/train/05/013.jpg,0
ped2/train/05/014.jpg,0
ped2/train/05/015.jpg,0
ped2/train/05/016.jpg,0
ped2/train/05/017.jpg,0
ped2/train/05/018.jpg,0
ped2/train/05/019.jpg,0
ped2/train/05/020.jpg,0
ped2/train/05/021.jpg,0
ped2/train/05/022.jpg,0
ped2/train/05/023.jpg,0
ped2/train/05/024.jpg,0
ped2/train/05/025.jpg,0
ped2/train/05/026.jpg,0
ped2/train/05/027.jpg,0
ped2/train/05/028.jpg,0
ped2/train/05/029.jpg,0
ped2/train/05/030.jpg,0
ped2/train/05/031.jpg,0
ped2/train/05/032.jpg,0
ped2/train/05/033.jpg,0
ped2/train/05/034.jpg,0
ped2/train/05/035.jpg,0
ped2/train/05/036.jpg,0
ped2/train/05/037.jpg,0
ped2/train/05/038.jpg,0
ped2/train/05/039.jpg,0
ped2/train/05/040.jpg,0
ped2/train/05/041.jpg,0
ped2/train/05/042.jpg,0
ped2/train/05/043.jpg,0
ped2/train/05/044.jpg,0
ped2/train/05/045.jpg,0
ped2/train/05/046.jpg,0
ped2/train/05/047.jpg,0
ped2/train/05/048.jpg,0
ped2/train/05/049.jpg,0
ped2/train/05/050.jpg,0
ped2/train/05/051.jpg,0
ped2/train/05/052.jpg,0
ped2/train/05/053.jpg,0
ped2/train/05/054.jpg,0
ped2/train/05/055.jpg,0
ped2/train/05/056.jpg,0
ped2/train/05/057.jpg,0
ped2/train/05/058.jpg,0
ped2/train/05/059.jpg,0
ped2/train/05/060.jpg,0
ped2/train/05/061.jpg,0
ped2/train/05/062.jpg,0
ped2/train/05/063.jpg,0
ped2/train/05/064.jpg,0
ped2/train/05/065.jpg,0
ped2/train/05/066.jpg,0
ped2/train/05/067.jpg,0
ped2/train/05/068.jpg,0
ped2/train/05/069.jpg,0
ped2/train/05/070.jpg,0
ped2/train/05/071.jpg,0
ped2/train/05/072.jpg,0
ped2/train/05/073.jpg,0
ped2/train/05/074.jpg,0
ped2/train/05/075.jpg,0
ped2/train/05/076.jpg,0
ped2/train/05/077.jpg,0
ped2/train/05/078.jpg,0
ped2/train/05/079.jpg,0
ped2/train/05/080.jpg,0
ped2/train/05/081.jpg,0
ped2/train/05/082.jpg,0
ped2/train/05/083.jpg,0
ped2/train/05/084.jpg,0
ped2/train/05/085.jpg,0
ped2/train/05/086.jpg,0
ped2/train/05/087.jpg,0
ped2/train/05/088.jpg,0
ped2/train/05/089.jpg,0
ped2/train/05/090.jpg,0
ped2/train/05/091.jpg,0
ped2/train/05/092.jpg,0
ped2/train/05/093.jpg,0
ped2/train/05/094.jpg,0
ped2/train/05/095.jpg,0
ped2/train/05/096.jpg,0
ped2/train/05/097.jpg,0
ped2/train/05/098.jpg,0
ped2/train/05/099.jpg,0
ped2/train/05/100.jpg,0
ped2/train/05/101.jpg,0
ped2/train/05/102.jpg,0
ped2/train/05/103.jpg,0
ped2/train/05/104.jpg,0
ped2/train/05/105.jpg,0
ped2/train/05/106.jpg,0
ped2/train/05/107.jpg,0
ped2/train/05/108.jpg,0
ped2/train/05/109.jpg,0
ped2/train/05/110.jpg,0
ped2/train/05/111.jpg,0
ped2/train/05/112.jpg,0
ped2/train/05/113.jpg,0
ped2/train/05/114.jpg,0
ped2/train/05/115.jpg,0
ped2/train/05/116.jpg,0
ped2/train/05/117.jpg,0
ped2/train/05/118.jpg,0
ped2/train/05/119.jpg,0
ped2/train/05/120.jpg,0
ped2/train/05/121.jpg,0
ped2/train/05/122.jpg,0
ped2/train/05/123.jpg,0
ped2/train/05/124.jpg,0
ped2/train/05/125.jpg,0
ped2/train/05/126.jpg,0
ped2/train/05/127.jpg,0
ped2/train/05/128.jpg,0
ped2/train/05/129.jpg,0
ped2/train/05/130.jpg,0
ped2/train/05/131.jpg,0
ped2/train/05/132.jpg,0
ped2/train/05/133.jpg,0
ped2/train/05/134.jpg,0
ped2/train/05/135.jpg,0
ped2/train/05/136.jpg,0
ped2/train/05/137.jpg,0
ped2/train/05/138.jpg,0
ped2/train/05/139.jpg,0
ped2/train/05/140.jpg,0
ped2/train/05/141.jpg,0
ped2/train/05/142.jpg,0
ped2/train/05/143.jpg,0
ped2/train/05/144.jpg,0
ped2/train/05/145.jpg,0
ped2/train/05/146.jpg,0
ped2/train/05/147.jpg,0
ped2/train/05/148.jpg,0
ped2/train/05/149.jpg,0
ped2/train/05/150.jpg,0
ped2/train/05/151.jpg,0
ped2/train/05/152.jpg,0
ped2/train/05/153.jpg,0
ped2/train/05/154.jpg,0
ped2/train/05/155.jpg,0
ped2/train/05/156.jpg,0
ped2/train/05/157.jpg,0
ped2/train/05/158.jpg,0
ped2/train/05/159.jpg,0
ped2/train/05/160.jpg,0
ped2/train/05/161.jpg,0
ped2/train/05/162.jpg,0
ped2/train/05/163.jpg,0
ped2/train/05/164.jpg,0
ped2/train/05/165.jpg,0
ped2/train/05/166.jpg,0
ped2/train/05/167.jpg,0
ped2/train/05/168.jpg,0
ped2/train/05/169.jpg,0
ped2/train/05/170.jpg,0
ped2/train/05/171.jpg,0
ped2/train/05/172.jpg,0
ped2/train/05/173.jpg,0
ped2/train/05/174.jpg,0
ped2/train/05/175.jpg,0
ped2/train/05/176.jpg,0
ped2/train/05/177.jpg,0
ped2/train/05/178.jpg,0
ped2/train/05/179.jpg,0
ped2/train/06/000.jpg,0
ped2/train/06/001.jpg,0
ped2/train/06/002.jpg,0
ped2/train/06/003.jpg,0
ped2/train/06/004.jpg,0
ped2/train/06/005.jpg,0
ped2/train/06/006.jpg,0
ped2/train/06/007.jpg,0
ped2/train/06/008.jpg,0
ped2/train/06/009.jpg,0
ped2/train/06/010.jpg,0
ped2/train/06/011.jpg,0
ped2/train/06/012.jpg,0
ped2/train/06/013.jpg,0
ped2/train/06/014.jpg,0
ped2/train/06/015.jpg,0
ped2/train/06/016.jpg,0
ped2/train/06/017.jpg,0
ped2/train/06/018.jpg,0
ped2/train/06/019.jpg,0
ped2/train/06/020.jpg,0
ped2/train/06/021.jpg,0
ped2/train/06/022.jpg,0
ped2/train/06/023.jpg,0
ped2/train/06/024.jpg,0
ped2/train/06/025.jpg,0
ped2/train/06/026.jpg,0
ped2/train/06/027.jpg,0
ped2/train/06/028.jpg,0
ped2/train/06/029.jpg,0
ped2/train/06/030.jpg,0
ped2/train/06/031.jpg,0
ped2/train/06/032.jpg,0
ped2/train/06/033.jpg,0
ped2/train/06/034.jpg,0
ped2/train/06/035.jpg,0
ped2/train/06/036.jpg,0
ped2/train/06/037.jpg,0
ped2/train/06/038.jpg,0
ped2/train/06/039.jpg,0
ped2/train/06/040.jpg,0
ped2/train/06/041.jpg,0
ped2/train/06/042.jpg,0
ped2/train/06/043.jpg,0
ped2/train/06/044.jpg,0
ped2/train/06/045.jpg,0
ped2/train/06/046.jpg,0
ped2/train/06/047.jpg,0
ped2/train/06/048.jpg,0
ped2/train/06/049.jpg,0
ped2/train/06/050.jpg,0
ped2/train/06/051.jpg,0
ped2/train/06/052.jpg,0
ped2/train/06/053.jpg,0
ped2/train/06/054.jpg,0
ped2/train/06/055.jpg,0
ped2/train/06/056.jpg,0
ped2/train/06/057.jpg,0
ped2/train/06/058.jpg,0
ped2/train/06/059.jpg,0
ped2/train/06/060.jpg,0
ped2/train/06/061.jpg,0
ped2/train/06/062.jpg,0
ped2/train/06/063.jpg,0
ped2/train/06/064.jpg,0
ped2/train/06/065.jpg,0
ped2/train/06/066.jpg,0
ped2/train/06/067.jpg,0
ped2/train/06/068.jpg,0
ped2/train/06/069.jpg,0
ped2/train/06/070.jpg,0
ped2/train/06/071.jpg,0
ped2/train/06/072.jpg,0
ped2/train/06/073.jpg,0
ped2/train/06/074.jpg,0
ped2/train/06/075.jpg,0
ped2/train/06/076.jpg,0
ped2/train/06/077.jpg,0
ped2/train/06/078.jpg,0
ped2/train/06/079.jpg,0
ped2/train/06/080.jpg,0
ped2/train/06/081.jpg,0
ped2/train/06/082.jpg,0
ped2/train/06/083.jpg,0
ped2/train/06/084.jpg,0
ped2/train/06/085.jpg,0
ped2/train/06/086.jpg,0
ped2/train/06/087.jpg,0
ped2/train/06/088.jpg,0
ped2/train/06/089.jpg,0
ped2/train/06/090.jpg,0
ped2/train/06/091.jpg,0
ped2/train/06/092.jpg,0
ped2/train/06/093.jpg,0
ped2/train/06/094.jpg,0
ped2/train/06/095.jpg,0
ped2/train/06/096.jpg,0
ped2/train/06/097.jpg,0
ped2/train/06/098.jpg,0
ped2/train/06/099.jpg,0
ped2/train/06/100.jpg,0
ped2/train/06/101.jpg,0
ped2/train/06/102.jpg,0
ped2/train/06/103.jpg,0
ped2/train/06/104.jpg,0
ped2/train/06/105.jpg,0
ped2/train/06/106.jpg,0
ped2/train/06/107.jpg,0
ped2/train/06/108.jpg,0
ped2/train/06/109.jpg,0
ped2/train/06/110.jpg,0
ped2/train/06/111.jpg,0
ped2/train/06/112.jpg,0
ped2/train/06/113.jpg,0
ped2/train/06/114.jpg,0
ped2/train/06/115.jpg,0
ped2/train/06/116.jpg,0
ped2/train/06/117.jpg,0
ped2/train/06/118.jpg,0
ped2/train/06/119.jpg,0
ped2/train/06/120.jpg,0
ped2/train/06/121.jpg,0
ped2/train/06/122.jpg,0
ped2/train/06/123.jpg,0
ped2/train/06/124.jpg,0
ped2/train/06/125.jpg,0
ped2/train/06/126.jpg,0
ped2/train/06/127.jpg,0
ped2/train/06/128.jpg,0
ped2/train/06/129.jpg,0
ped2/train/06/130.jpg,0
ped2/train/06/131.jpg,0
ped2/train/06/132.jpg,0
ped2/train/06/133.jpg,0
ped2/train/06/134.jpg,0
ped2/train/06/135.jpg,0
ped2/train/06/136.jpg,0
ped2/train/06/137.jpg,0
ped2/train/06/138.jpg,0
ped2/train/06/139.jpg,0
ped2/train/06/140.jpg,0
ped2/train/06/141.jpg,0
ped2/train/06/142.jpg,0
ped2/train/06/143.jpg,0
ped2/train/06/144.jpg,0
ped2/train/06/145.jpg,0
ped2/train/06/146.jpg,0
ped2/train/06/147.jpg,0
ped2/train/06/148.jpg,0
ped2/train/06/149.jpg,0
ped2/train/07/000.jpg,0
ped2/train/07/001.jpg,0
ped2/train/07/002.jpg,0
ped2/train/07/003.jpg,0
ped2/train/07/004.jpg,0
ped2/train/07/005.jpg,0
ped2/train/07/006.jpg,0
ped2/train/07/007.jpg,0
ped2/train/07/008.jpg,0
ped2/train/07/009.jpg,0
ped2/train/07/010.jpg,0
ped2/train/07/011.jpg,0
ped2/train/07/012.jpg,0
ped2/train/07/013.jpg,0
ped2/train/07/014.jpg,0
ped2/train/07/015.jpg,0
ped2/train/07/016.jpg,0
ped2/train/07/017.jpg,0
ped2/train/07/018.jpg,0
ped2/train/07/019.jpg,0
ped2/train/07/020.jpg,0
ped2/train/07/021.jpg,0
ped2/train/07/022.jpg,0
ped2/train/07/023.jpg,0
ped2/train/07/024.jpg,0
ped2/train/07/025.jpg,0
ped2/train/07/026.jpg,0
ped2/train/07/027.jpg,0
ped2/train/07/028.jpg,0
ped2/train/07/029.jpg,0
ped2/train/07/030.jpg,0
ped2/train/07/031.jpg,0
ped2/train/07/032.jpg,0
ped2/train/07/033.jpg,0
ped2/train/07/034.jpg,0
ped2/train/07/035.jpg,0
ped2/train/07/036.jpg,0
ped2/train/07/037.jpg,0
ped2/train/07/038.jpg,0
ped2/train/07/039.jpg,0
ped2/train/07/040.jpg,0
ped2/train/07/041.jpg,0
ped2/train/07/042.jpg,0
ped2/train/07/043.jpg,0
ped2/train/07/044.jpg,0
ped2/train/07/045.jpg,0
ped2/train/07/046.jpg,0
ped2/train/07/047.jpg,0
ped2/train/07/048.jpg,0
ped2/train/07/049.jpg,0
ped2/train/07/050.jpg,0
ped2/train/07/051.jpg,0
ped2/train/07/052.jpg,0
ped2/train/07/053.jpg,0
ped2/train/07/054.jpg,0
ped2/train/07/055.jpg,0
ped2/train/07/056.jpg,0
ped2/train/07/057.jpg,0
ped2/train/07/058.jpg,0
ped2/train/07/059.jpg,0
ped2/train/07/060.jpg,0
ped2/train/07/061.jpg,0
ped2/train/07/062.jpg,0
ped2/train/07/063.jpg,0
ped2/train/07/064.jpg,0
ped2/train/07/065.jpg,0
ped2/train/07/066.jpg,0
ped2/train/07/067.jpg,0
ped2/train/07/068.jpg,0
ped2/train/07/069.jpg,0
ped2/train/07/070.jpg,0
ped2/train/07/071.jpg,0
ped2/train/07/072.jpg,0
ped2/train/07/073.jpg,0
ped2/train/07/074.jpg,0
ped2/train/07/075.jpg,0
ped2/train/07/076.jpg,0
ped2/train/07/077.jpg,0
ped2/train/07/078.jpg,0
ped2/train/07/079.jpg,0
ped2/train/07/080.jpg,0
ped2/train/07/081.jpg,0
ped2/train/07/082.jpg,0
ped2/train/07/083.jpg,0
ped2/train/07/084.jpg,0
ped2/train/07/085.jpg,0
ped2/train/07/086.jpg,0
ped2/train/07/087.jpg,0
ped2/train/07/088.jpg,0
ped2/train/07/089.jpg,0
ped2/train/07/090.jpg,0
ped2/train/07/091.jpg,0
ped2/train/07/092.jpg,0
ped2/train/07/093.jpg,0
ped2/train/07/094.jpg,0
ped2/train/07/095.jpg,0
ped2/train/07/096.jpg,0
ped2/train/07/097.jpg,0
ped2/train/07/098.jpg,0
ped2/train/07/099.jpg,0
ped2/train/07/100.jpg,0
ped2/train/07/101.jpg,0
ped2/train/07/102.jpg,0
ped2/train/07/103.jpg,0
ped2/train/07/104.jpg,0
ped2/train/07/105.jpg,0
ped2/train/07/106.jpg,0
ped2/train/07/107.jpg,0
ped2/train/07/108.jpg,0
ped2/train/07/109.jpg,0
ped2/train/07/110.jpg,0
ped2/train/07/111.jpg,0
ped2/train/07/112.jpg,0
ped2/train/07/113.jpg,0
ped2/train/07/114.jpg,0
ped2/train/07/115.jpg,0
ped2/train/07/116.jpg,0
ped2/train/07/117.jpg,0
ped2/train/07/118.jpg,0
ped2/train/07/119.jpg,0
ped2/train/07/120.jpg,0
ped2/train/07/121.jpg,0
ped2/train/07/122.jpg,0
ped2/train/07/123.jpg,0
ped2/train/07/124.jpg,0
ped2/train/07/125.jpg,0
ped2/train/07/126.jpg,0
ped2/train/07/127.jpg,0
ped2/train/07/128.jpg,0
ped2/train/07/129.jpg,0
ped2/train/07/130.jpg,0
ped2/train/07/131.jpg,0
ped2/train/07/132.jpg,0
ped2/train/07/133.jpg,0
ped2/train/07/134.jpg,0
ped2/train/07/135.jpg,0
ped2/train/07/136.jpg,0
ped2/train/07/137.jpg,0
ped2/train/07/138.jpg,0
ped2/train/07/139.jpg,0
ped2/train/07/140.jpg,0
ped2/train/07/141.jpg,0
ped2/train/07/142.jpg,0
ped2/train/07/143.jpg,0
ped2/train/07/144.jpg,0
ped2/train/07/145.jpg,0
ped2/train/07/146.jpg,0
ped2/train/07/147.jpg,0
ped2/train/07/148.jpg,0
ped2/train/07/149.jpg,0
ped2/train/08/000.jpg,0
ped2/train/08/001.jpg,0
ped2/train/08/002.jpg,0
ped2/train/08/003.jpg,0
ped2/train/08/004.jpg,0
ped2/train/08/005.jpg,0
ped2/train/08/006.jpg,0
ped2/train/08/007.jpg,0
ped2/train/08/008.jpg,0
ped2/train/08/009.jpg,0
ped2/train/08/010.jpg,0
ped2/train/08/011.jpg,0
ped2/train/08/012.jpg,0
ped2/train/08/013.jpg,0
ped2/train/08/014.jpg,0
ped2/train/08/015.jpg,0
ped2/train/08/016.jpg,0
ped2/train/08/017.jpg,0
ped2/train/08/018.jpg,0
ped2/train/08/019.jpg,0
ped2/train/08/020.jpg,0
ped2/train/08/021.jpg,0
ped2/train/08/022.jpg,0
ped2/train/08/023.jpg,0
ped2/train/08/024.jpg,0
ped2/train/08/025.jpg,0
ped2/train/08/026.jpg,0
ped2/train/08/027.jpg,0
ped2/train/08/028.jpg,0
ped2/train/08/029.jpg,0
ped2/train/08/030.jpg,0
ped2/train/08/031.jpg,0
ped2/train/08/032.jpg,0
ped2/train/08/033.jpg,0
ped2/train/08/034.jpg,0
ped2/train/08/035.jpg,0
ped2/train/08/036.jpg,0
ped2/train/08/037.jpg,0
ped2/train/08/038.jpg,0
ped2/train/08/039.jpg,0
ped2/train/08/040.jpg,0
ped2/train/08/041.jpg,0
ped2/train/08/042.jpg,0
ped2/train/08/043.jpg,0
ped2/train/08/044.jpg,0
ped2/train/08/045.jpg,0
ped2/train/08/046.jpg,0
ped2/train/08/047.jpg,0
ped2/train/08/048.jpg,0
ped2/train/08/049.jpg,0
ped2/train/08/050.jpg,0
ped2/train/08/051.jpg,0
ped2/train/08/052.jpg,0
ped2/train/08/053.jpg,0
ped2/train/08/054.jpg,0
ped2/train/08/055.jpg,0
ped2/train/08/056.jpg,0
ped2/train/08/057.jpg,0
ped2/train/08/058.jpg,0
ped2/train/08/059.jpg,0
ped2/train/08/060.jpg,0
ped2/train/08/061.jpg,0
ped2/train/08/062.jpg,0
ped2/train/08/063.jpg,0
ped2/train/08/064.jpg,0
ped2/train/08/065.jpg,0
ped2/train/08/066.jpg,0
ped2/train/08/067.jpg,0
ped2/train/08/068.jpg,0
ped2/train/08/069.jpg,0
ped2/train/08/070.jpg,0
ped2/train/08/071.jpg,0
ped2/train/08/072.jpg,0
ped2/train/08/073.jpg,0
ped2/train/08/074.jpg,0
ped2/train/08/075.jpg,0
ped2/train/08/076.jpg,0
ped2/train/08/077.jpg,0
ped2/train/08/078.jpg,0
ped2/train/08/079.jpg,0
ped2/train/08/080.jpg,0
ped2/train/08/081.jpg,0
ped2/train/08/082.jpg,0
ped2/train/08/083.jpg,0
ped2/train/08/084.jpg,0
ped2/train/08/085.jpg,0
ped2/train/08/086.jpg,0
ped2/train/08/087.jpg,0
ped2/train/08/088.jpg,0
ped2/train/08/089.jpg,0
ped2/train/08/090.jpg,0
ped2/train/08/091.jpg,0
ped2/train/08/092.jpg,0
ped2/train/08/093.jpg,0
ped2/train/08/094.jpg,0
ped2/train/08/095.jpg,0
ped2/train/08/096.jpg,0
ped2/train/08/097.jpg,0
ped2/train/08/098.jpg,0
ped2/train/08/099.jpg,0
ped2/train/08/100.jpg,0
ped2/train/08/101.jpg,0
ped2/train/08/102.jpg,0
ped2/train/08/103.jpg,0
ped2/train/08/104.jpg,0
ped2/train/08/105.jpg,0
ped2/train/08/106.jpg,0
ped2/train/08/107.jpg,0
ped2/train/08/108.jpg,0
ped2/train/08/109.jpg,0
ped2/train/08/110.jpg,0
ped2/train/08/111.jpg,0
ped2/train/08/112.jpg,0
ped2/train/08/113.jpg,0
ped2/train/08/114.jpg,0
ped2/train/08/115.jpg,0
ped2/train/08/116.jpg,0
ped2/train/08/117.jpg,0
ped2/train/08/118.jpg,0
ped2/train/08/119.jpg,0
ped2/train/09/000.jpg,0
ped2/train/09/001.jpg,0
ped2/train/09/002.jpg,0
ped2/train/09/003.jpg,0
ped2/train/09/004.jpg,0
ped2/train/09/005.jpg,0
ped2/train/09/006.jpg,0
ped2/train/09/007.jpg,0
ped2/train/09/008.jpg,0
ped2/train/09/009.jpg,0
ped2/train/09/010.jpg,0
ped2/train/09/011.jpg,0
ped2/train/09/012.jpg,0
ped2/train/09/013.jpg,0
ped2/train/09/014.jpg,0
ped2/train/09/015.jpg,0
ped2/train/09/016.jpg,0
ped2/train/09/017.jpg,0
ped2/train/09/018.jpg,0
ped2/train/09/019.jpg,0
ped2/train/09/020.jpg,0
ped2/train/09/021.jpg,0
ped2/train/09/022.jpg,0
ped2/train/09/023.jpg,0
ped2/train/09/024.jpg,0
ped2/train/09/025.jpg,0
ped2/train/09/026.jpg,0
ped2/train/09/027.jpg,0
ped2/train/09/028.jpg,0
ped2/train/09/029.jpg,0
ped2/train/09/030.jpg,0
ped2/train/09/031.jpg,0
ped2/train/09/032.jpg,0
ped2/train/09/033.jpg,0
ped2/train/09/034.jpg,0
ped2/train/09/035.jpg,0
ped2/train/09/036.jpg,0
ped2/train/09/037.jpg,0
ped2/train/09/038.jpg,0
ped2/train/09/039.jpg,0
ped2/train/09/040.jpg,0
ped2/train/09/041.jpg,0
ped2/train/09/042.jpg,0
ped2/train/09/043.jpg,0
ped2/train/09/044.jpg,0
ped2/train/09/045.jpg,0
ped2/train/09/046.jpg,0
ped2/train/09/047.jpg,0
ped2/train/09/048.jpg,0
ped2/train/09/049.jpg,0
ped2/train/09/050.jpg,0
ped2/train/09/051.jpg,0
ped2/train/09/052.jpg,0
ped2/train/09/053.jpg,0
ped2/train/09/054.jpg,0
ped2/train/09/055.jpg,0
ped2/train/09/056.jpg,0
ped2/train/09/057.jpg,0
ped2/train/09/058.jpg,0
ped2/train/09/059.jpg,0
ped2/train/09/060.jpg,0
ped2/train/09/061.jpg,0
ped2/train/09/062.jpg,0
ped2/train/09/063.jpg,0
ped2/train/09/064.jpg,0
ped2/train/09/065.jpg,0
ped2/train/09/066.jpg,0
ped2/train/09/067.jpg,0
ped2/train/09/068.jpg,0
ped2/train/09/069.jpg,0
ped2/train/09/070.jpg,0
ped2/train/09/071.jpg,0
ped2/train/09/072.jpg,0
ped2/train/09/073.jpg,0
ped2/train/09/074.jpg,0
ped2/train/09/075.jpg,0
ped2/train/09/076.jpg,0
ped2/train/09/077.jpg,0
ped2/train/09/078.jpg,0
ped2/train/09/079.jpg,0
ped2/train/09/080.jpg,0
ped2/train/09/081.jpg,0
ped2/train/09/082.jpg,0
ped2/train/09/083.jpg,0
ped2/train/09/084.jpg,0
ped2/train/09/085.jpg,0
ped2/train/09/086.jpg,0
ped2/train/09/087.jpg,0
ped2/train/09/088.jpg,0
ped2/train/09/089.jpg,0
ped2/train/09/090.jpg,0
ped2/train/09/091.jpg,0
ped2/train/09/092.jpg,0
ped2/train/09/093.jpg,0
ped2/train/09/094.jpg,0
ped2/train/09/095.jpg,0
ped2/train/09/096.jpg,0
ped2/train/09/097.jpg,0
ped2/train/09/098.jpg,0
ped2/train/09/099.jpg,0
ped2/train/09/100.jpg,0
ped2/train/09/101.jpg,0
ped2/train/09/102.jpg,0
ped2/train/09/103.jpg,0
ped2/train/09/104.jpg,0
ped2/train/09/105.jpg,0
ped2/train/09/106.jpg,0
ped2/train/09/107.jpg,0
ped2/train/09/108.jpg,0
ped2/train/09/109.jpg,0
ped2/train/09/110.jpg,0
ped2/train/09/111.jpg,0
ped2/train/09/112.jpg,0
ped2/train/09/113.jpg,0
ped2/train/09/114.jpg,0
ped2/train/09/115.jpg,0
ped2/train/09/116.jpg,0
ped2/train/09/117.jpg,0
ped2/train/09/118.jpg,0
ped2/train/09/119.jpg,0
ped2/train/09/120.jpg,0
ped2/train/09/121.jpg,0
ped2/train/09/122.jpg,0
ped2/train/09/123.jpg,0
ped2/train/09/124.jpg,0
ped2/train/09/125.jpg,0
ped2/train/09/126.jpg,0
ped2/train/09/127.jpg,0
ped2/train/09/128.jpg,0
ped2/train/09/129.jpg,0
ped2/train/09/130.jpg,0
ped2/train/09/131.jpg,0
ped2/train/09/132.jpg,0
ped2/train/09/133.jpg,0
ped2/train/09/134.jpg,0
ped2/train/09/135.jpg,0
ped2/train/09/136.jpg,0
ped2/train/09/137.jpg,0
ped2/train/09/138.jpg,0
ped2/train/09/139.jpg,0
ped2/train/09/140.jpg,0
ped2/train/09/141.jpg,0
ped2/train/09/142.jpg,0
ped2/train/09/143.jpg,0
ped2/train/09/144.jpg,0
ped2/train/09/145.jpg,0
ped2/train/09/146.jpg,0
ped2/train/09/147.jpg,0
ped2/train/09/148.jpg,0
ped2/train/09/149.jpg,0
ped2/train/09/150.jpg,0
ped2/train/09/151.jpg,0
ped2/train/09/152.jpg,0
ped2/train/09/153.jpg,0
ped2/train/09/154.jpg,0
ped2/train/09/155.jpg,0
ped2/train/09/156.jpg,0
ped2/train/09/157.jpg,0
ped2/train/09/158.jpg,0
ped2/train/09/159.jpg,0
ped2/train/09/160.jpg,0
ped2/train/09/161.jpg,0
ped2/train/09/162.jpg,0
ped2/train/09/163.jpg,0
ped2/train/09/164.jpg,0
ped2/train/09/165.jpg,0
ped2/train/09/166.jpg,0
ped2/train/09/167.jpg,0
ped2/train/09/168.jpg,0
ped2/train/09/169.jpg,0
ped2/train/09/170.jpg,0
ped2/train/09/171.jpg,0
ped2/train/09/172.jpg,0
ped2/train/09/173.jpg,0
ped2/train/09/174.jpg,0
ped2/train/09/175.jpg,0
ped2/train/09/176.jpg,0
ped2/train/09/177.jpg,0
ped2/train/09/178.jpg,0
ped2/train/09/179.jpg,0
ped2/train/10/000.jpg,0
ped2/train/10/001.jpg,0
ped2/train/10/002.jpg,0
ped2/train/10/003.jpg,0
ped2/train/10/004.jpg,0
ped2/train/10/005.jpg,0
ped2/train/10/006.jpg,0
ped2/train/10/007.jpg,0
ped2/train/10/008.jpg,0
ped2/train/10/009.jpg,0
ped2/train/10/010.jpg,0
ped2/train/10/011.jpg,0
ped2/train/10/012.jpg,0
ped2/train/10/013.jpg,0
ped2/train/10/014.jpg,0
ped2/train/10/015.jpg,0
ped2/train/10/016.jpg,0
ped2/train/10/017.jpg,0
ped2/train/10/018.jpg,0
ped2/train/10/019.jpg,0
ped2/train/10/020.jpg,0
ped2/train/10/021.jpg,0
ped2/train/10/022.jpg,0
ped2/train/10/023.jpg,0
ped2/train/10/024.jpg,0
ped2/train/10/025.jpg,0
ped2/train/10/026.jpg,0
ped2/train/10/027.jpg,0
ped2/train/10/028.jpg,0
ped2/train/10/029.jpg,0
ped2/train/10/030.jpg,0
ped2/train/10/031.jpg,0
ped2/train/10/032.jpg,0
ped2/train/10/033.jpg,0
ped2/train/10/034.jpg,0
ped2/train/10/035.jpg,0
ped2/train/10/036.jpg,0
ped2/train/10/037.jpg,0
ped2/train/10/038.jpg,0
ped2/train/10/039.jpg,0
ped2/train/10/040.jpg,0
ped2/train/10/041.jpg,0
ped2/train/10/042.jpg,0
ped2/train/10/043.jpg,0
ped2/train/10/044.jpg,0
ped2/train/10/045.jpg,0
ped2/train/10/046.jpg,0
ped2/train/10/047.jpg,0
ped2/train/10/048.jpg,0
ped2/train/10/049.jpg,0
ped2/train/10/050.jpg,0
ped2/train/10/051.jpg,0
ped2/train/10/052.jpg,0
ped2/train/10/053.jpg,0
ped2/train/10/054.jpg,0
ped2/train/10/055.jpg,0
ped2/train/10/056.jpg,0
ped2/train/10/057.jpg,0
ped2/train/10/058.jpg,0
ped2/train/10/059.jpg,0
ped2/train/10/060.jpg,0
ped2/train/10/061.jpg,0
ped2/train/10/062.jpg,0
ped2/train/10/063.jpg,0
ped2/train/10/064.jpg,0
ped2/train/10/065.jpg,0
ped2/train/10/066.jpg,0
ped2/train/10/067.jpg,0
ped2/train/10/068.jpg,0
ped2/train/10/069.jpg,0
ped2/train/10/070.jpg,0
ped2/train/10/071.jpg,0
ped2/train/10/072.jpg,0
ped2/train/10/073.jpg,0
ped2/train/10/074.jpg,0
ped2/train/10/075.jpg,0
ped2/train/10/076.jpg,0
ped2/train/10/077.jpg,0
ped2/train/10/078.jpg,0
ped2/train/10/079.jpg,0
ped2/train/10/080.jpg,0
ped2/train/10/081.jpg,0
ped2/train/10/082.jpg,0
ped2/train/10/083.jpg,0
ped2/train/10/084.jpg,0
ped2/train/10/085.jpg,0
ped2/train/10/086.jpg,0
ped2/train/10/087.jpg,0
ped2/train/10/088.jpg,0
ped2/train/10/089.jpg,0
ped2/train/10/090.jpg,0
ped2/train/10/091.jpg,0
ped2/train/10/092.jpg,0
ped2/train/10/093.jpg,0
ped2/train/10/094.jpg,0
ped2/train/10/095.jpg,0
ped2/train/10/096.jpg,0
ped2/train/10/097.jpg,0
ped2/train/10/098.jpg,0
ped2/train/10/099.jpg,0
ped2/train/10/100.jpg,0
ped2/train/10/101.jpg,0
ped2/train/10/102.jpg,0
ped2/train/10/103.jpg,0
ped2/train/10/104.jpg,0
ped2/train/10/105.jpg,0
ped2/train/10/106.jpg,0
ped2/train/10/107.jpg,0
ped2/train/10/108.jpg,0
ped2/train/10/109.jpg,0
ped2/train/10/110.jpg,0
ped2/train/10/111.jpg,0
ped2/train/10/112.jpg,0
ped2/train/10/113.jpg,0
ped2/train/10/114.jpg,0
ped2/train/10/115.jpg,0
ped2/train/10/116.jpg,0
ped2/train/10/117.jpg,0
ped2/train/10/118.jpg,0
ped2/train/10/119.jpg,0
ped2/train/10/120.jpg,0
ped2/train/10/121.jpg,0
ped2/train/10/122.jpg,0
ped2/train/10/123.jpg,0
ped2/train/10/124.jpg,0
ped2/train/10/125.jpg,0
ped2/train/10/126.jpg,0
ped2/train/10/127.jpg,0
ped2/train/10/128.jpg,0
ped2/train/10/129.jpg,0
ped2/train/10/130.jpg,0
ped2/train/10/131.jpg,0
ped2/train/10/132.jpg,0
ped2/train/10/133.jpg,0
ped2/train/10/134.jpg,0
ped2/train/10/135.jpg,0
ped2/train/10/136.jpg,0
ped2/train/10/137.jpg,0
ped2/train/10/138.jpg,0
ped2/train/10/139.jpg,0
ped2/train/10/140.jpg,0
ped2/train/10/141.jpg,0
ped2/train/10/142.jpg,0
ped2/train/10/143.jpg,0
ped2/train/10/144.jpg,0
ped2/train/10/145.jpg,0
ped2/train/10/146.jpg,0
ped2/train/10/147.jpg,0
ped2/train/10/148.jpg,0
ped2/train/10/149.jpg,0
ped2/train/10/150.jpg,0
ped2/train/10/151.jpg,0
ped2/train/10/152.jpg,0
ped2/train/10/153.jpg,0
ped2/train/10/154.jpg,0
ped2/train/10/155.jpg,0
ped2/train/10/156.jpg,0
ped2/train/10/157.jpg,0
ped2/train/10/158.jpg,0
ped2/train/10/159.jpg,0
ped2/train/10/160.jpg,0
ped2/train/10/161.jpg,0
ped2/train/10/162.jpg,0
ped2/train/10/163.jpg,0
ped2/train/10/164.jpg,0
ped2/train/10/165.jpg,0
ped2/train/10/166.jpg,0
ped2/train/10/167.jpg,0
ped2/train/10/168.jpg,0
ped2/train/10/169.jpg,0
ped2/train/10/170.jpg,0
ped2/train/10/171.jpg,0
ped2/train/10/172.jpg,0
ped2/train/10/173.jpg,0
ped2/train/10/174.jpg,0
ped2/train/10/175.jpg,0
ped2/train/10/176.jpg,0
ped2/train/10/177.jpg,0
ped2/train/10/178.jpg,0
ped2/train/10/179.jpg,0
ped2/train/11/000.jpg,0
ped2/train/11/001.jpg,0
ped2/train/11/002.jpg,0
ped2/train/11/003.jpg,0
ped2/train/11/004.jpg,0
ped2/train/11/005.jpg,0
ped2/train/11/006.jpg,0
ped2/train/11/007.jpg,0
ped2/train/11/008.jpg,0
ped2/train/11/009.jpg,0
ped2/train/11/010.jpg,0
ped2/train/11/011.jpg,0
ped2/train/11/012.jpg,0
ped2/train/11/013.jpg,0
ped2/train/11/014.jpg,0
ped2/train/11/015.jpg,0
ped2/train/11/016.jpg,0
ped2/train/11/017.jpg,0
ped2/train/11/018.jpg,0
ped2/train/11/019.jpg,0
ped2/train/11/020.jpg,0
ped2/train/11/021.jpg,0
ped2/train/11/022.jpg,0
ped2/train/11/023.jpg,0
ped2/train/11/024.jpg,0
ped2/train/11/025.jpg,0
ped2/train/11/026.jpg,0
ped2/train/11/027.jpg,0
ped2/train/11/028.jpg,0
ped2/train/11/029.jpg,0
ped2/train/11/030.jpg,0
ped2/train/11/031.jpg,0
ped2/train/11/032.jpg,0
ped2/train/11/033.jpg,0
ped2/train/11/034.jpg,0
ped2/train/11/035.jpg,0
ped2/train/11/036.jpg,0
ped2/train/11/037.jpg,0
ped2/train/11/038.jpg,0
ped2/train/11/039.jpg,0
ped2/train/11/040.jpg,0
ped2/train/11/041.jpg,0
ped2/train/11/042.jpg,0
ped2/train/11/043.jpg,0
ped2/train/11/044.jpg,0
ped2/train/11/045.jpg,0
ped2/train/11/046.jpg,0
ped2/train/11/047.jpg,0
ped2/train/11/048.jpg,0
ped2/train/11/049.jpg,0
ped2/train/11/050.jpg,0
ped2/train/11/051.jpg,0
ped2/train/11/052.jpg,0
ped2/train/11/053.jpg,0
ped2/train/11/054.jpg,0
ped2/train/11/055.jpg,0
ped2/train/11/056.jpg,0
ped2/train/11/057.jpg,0
ped2/train/11/058.jpg,0
ped2/train/11/059.jpg,0
ped2/train/11/060.jpg,0
ped2/train/11/061.jpg,0
ped2/train/11/062.jpg,0
ped2/train/11/063.jpg,0
ped2/train/11/064.jpg,0
ped2/train/11/065.jpg,0
ped2/train/11/066.jpg,0
ped2/train/11/067.jpg,0
ped2/train/11/068.jpg,0
ped2/train/11/069.jpg,0
ped2/train/11/070.jpg,0
ped2/train/11/071.jpg,0
ped2/train/11/072.jpg,0
ped2/train/11/073.jpg,0
ped2/train/11/074.jpg,0
ped2/train/11/075.jpg,0
ped2/train/11/076.jpg,0
ped2/train/11/077.jpg,0
ped2/train/11/078.jpg,0
ped2/train/11/079.jpg,0
ped2/train/11/080.jpg,0
ped2/train/11/081.jpg,0
ped2/train/11/082.jpg,0
ped2/train/11/083.jpg,0
ped2/train/11/084.jpg,0
ped2/train/11/085.jpg,0
ped2/train/11/086.jpg,0
ped2/train/11/087.jpg,0
ped2/train/11/088.jpg,0
ped2/train/11/089.jpg,0
ped2/train/11/090.jpg,0
ped2/train/11/091.jpg,0
ped2/train/11/092.jpg,0
ped2/train/11/093.jpg,0
ped2/train/11/094.jpg,0
ped2/train/11/095.jpg,0
ped2/train/11/096.jpg,0
ped2/train/11/097.jpg,0
ped2/train/11/098.jpg,0
ped2/train/11/099.jpg,0
ped2/train/11/100.jpg,0
ped2/train/11/101.jpg,0
ped2/train/11/102.jpg,0
ped2/train/11/103.jpg,0
ped2/train/11/104.jpg,0
ped2/train/11/105.jpg,0
ped2/train/11/106.jpg,0
ped2/train/11/107.jpg,0
ped2/train/11/108.jpg,0
ped2/train/11/109.jpg,0
ped2/train/11/110.jpg,0
ped2/train/11/111.jpg,0
ped2/train/11/112.jpg,0
ped2/train/11/113.jpg,0
ped2/train/11/114.jpg,0
ped2/train/11/115.jpg,0
ped2/train/11/116.jpg,0
ped2/train/11/117.jpg,0
ped2/train/11/118.jpg,0
ped2/train/11/119.jpg,0
ped2/train/11/120.jpg,0
ped2/train/11/121.jpg,0
ped2/train/11/122.jpg,0
ped2/train/11/123.jpg,0
ped2/train/11/124.jpg,0
ped2/train/11/125.jpg,0
ped2/train/11/126.jpg,0
ped2/train/11/127.jpg,0
ped2/train/11/128.jpg,0
ped2/train/11/129.jpg,0
ped2/train/11/130.jpg,0
ped2/train/11/131.jpg,0
ped2/train/11/132.jpg,0
ped2/train/11/133.jpg,0
ped2/train/11/134.jpg,0
ped2/train/11/135.jpg,0
ped2/train/11/136.jpg,0
ped2/train/11/137.jpg,0
ped2/train/11/138.jpg,0
ped2/train/11/139.jpg,0
ped2/train/11/140.jpg,0
ped2/train/11/141.jpg,0
ped2/train/11/142.jpg,0
ped2/train/11/143.jpg,0
ped2/train/11/144.jpg,0
ped2/train/11/145.jpg,0
ped2/train/11/146.jpg,0
ped2/train/11/147.jpg,0
ped2/train/11/148.jpg,0
ped2/train/11/149.jpg,0
ped2/train/11/150.jpg,0
ped2/train/11/151.jpg,0
ped2/train/11/152.jpg,0
ped2/train/11/153.jpg,0
ped2/train/11/154.jpg,0
ped2/train/11/155.jpg,0
ped2/train/11/156.jpg,0
ped2/train/11/157.jpg,0
ped2/train/11/158.jpg,0
ped2/train/11/159.jpg,0
ped2/train/11/160.jpg,0
ped2/train/11/161.jpg,0
ped2/train/11/162.jpg,0
ped2/train/11/163.jpg,0
ped2/train/11/164.jpg,0
ped2/train/11/165.jpg,0
ped2/train/11/166.jpg,0
ped2/train/11/167.jpg,0
ped2/train/11/168.jpg,0
ped2/train/11/169.jpg,0
ped2/train/11/170.jpg,0
ped2/train/11/171.jpg,0
ped2/train/11/172.jpg,0
ped2/train/11/173.jpg,0
ped2/train/11/174.jpg,0
ped2/train/11/175.jpg,0
ped2/train/11/176.jpg,0
ped2/train/11/177.jpg,0
ped2/train/11/178.jpg,0
ped2/train/11/179.jpg,0
ped2/train/12/000.jpg,0
ped2/train/12/001.jpg,0
ped2/train/12/002.jpg,0
ped2/train/12/003.jpg,0
ped2/train/12/004.jpg,0
ped2/train/12/005.jpg,0
ped2/train/12/006.jpg,0
ped2/train/12/007.jpg,0
ped2/train/12/008.jpg,0
ped2/train/12/009.jpg,0
ped2/train/12/010.jpg,0
ped2/train/12/011.jpg,0
ped2/train/12/012.jpg,0
ped2/train/12/013.jpg,0
ped2/train/12/014.jpg,0
ped2/train/12/015.jpg,0
ped2/train/12/016.jpg,0
ped2/train/12/017.jpg,0
ped2/train/12/018.jpg,0
ped2/train/12/019.jpg,0
ped2/train/12/020.jpg,0
ped2/train/12/021.jpg,0
ped2/train/12/022.jpg,0
ped2/train/12/023.jpg,0
ped2/train/12/024.jpg,0
ped2/train/12/025.jpg,0
ped2/train/12/026.jpg,0
ped2/train/12/027.jpg,0
ped2/train/12/028.jpg,0
ped2/train/12/029.jpg,0
ped2/train/12/030.jpg,0
ped2/train/12/031.jpg,0
ped2/train/12/032.jpg,0
ped2/train/12/033.jpg,0
ped2/train/12/034.jpg,0
ped2/train/12/035.jpg,0
ped2/train/12/036.jpg,0
ped2/train/12/037.jpg,0
ped2/train/12/038.jpg,0
ped2/train/12/039.jpg,0
ped2/train/12/040.jpg,0
ped2/train/12/041.jpg,0
ped2/train/12/042.jpg,0
ped2/train/12/043.jpg,0
ped2/train/12/044.jpg,0
ped2/train/12/045.jpg,0
ped2/train/12/046.jpg,0
ped2/train/12/047.jpg,0
ped2/train/12/048.jpg,0
ped2/train/12/049.jpg,0
ped2/train/12/050.jpg,0
ped2/train/12/051.jpg,0
ped2/train/12/052.jpg,0
ped2/train/12/053.jpg,0
ped2/train/12/054.jpg,0
ped2/train/12/055.jpg,0
ped2/train/12/056.jpg,0
ped2/train/12/057.jpg,0
ped2/train/12/058.jpg,0
ped2/train/12/059.jpg,0
ped2/train/12/060.jpg,0
ped2/train/12/061.jpg,0
ped2/train/12/062.jpg,0
ped2/train/12/063.jpg,0
ped2/train/12/064.jpg,0
ped2/train/12/065.jpg,0
ped2/train/12/066.jpg,0
ped2/train/12/067.jpg,0
ped2/train/12/068.jpg,0
ped2/train/12/069.jpg,0
ped2/train/12/070.jpg,0
ped2/train/12/071.jpg,0
ped2/train/12/072.jpg,0
ped2/train/12/073.jpg,0
ped2/train/12/074.jpg,0
ped2/train/12/075.jpg,0
ped2/train/12/076.jpg,0
ped2/train/12/077.jpg,0
ped2/train/12/078.jpg,0
ped2/train/12/079.jpg,0
ped2/train/12/080.jpg,0
ped2/train/12/081.jpg,0
ped2/train/12/082.jpg,0
ped2/train/12/083.jpg,0
ped2/train/12/084.jpg,0
ped2/train/12/085.jpg,0
ped2/train/12/086.jpg,0
ped2/train/12/087.jpg,0
ped2/train/12/088.jpg,0
ped2/train/12/089.jpg,0
ped2/train/12/090.jpg,0
ped2/train/12/091.jpg,0
ped2/train/12/092.jpg,0
ped2/train/12/093.jpg,0
ped2/train/12/094.jpg,0
ped2/train/12/095.jpg,0
ped2/train/12/096.jpg,0
ped2/train/12/097.jpg,0
ped2/train/12/098.jpg,0
ped2/train/12/099.jpg,0
ped2/train/12/100.jpg,0
ped2/train/12/101.jpg,0
ped2/train/12/102.jpg,0
ped2/train/12/103.jpg,0
ped2/train/12/104.jpg,0
ped2/train/12/105.jpg,0
ped2/train/12/106.jpg,0
ped2/train/12/107.jpg,0
ped2/train/12/108.jpg,0
ped2/train/12/109.jpg,0
ped2/train/12/110.jpg,0
ped2/train/12/111.jpg,0
ped2/train/12/112.jpg,0
ped2/train/12/113.jpg,0
ped2/train/12/114.jpg,0
ped2/train/12/115.jpg,0
ped2/train/12/116.jpg,0
ped2/train/12/117.jpg,0
ped2/train/12/118.jpg,0
ped2/train/12/119.jpg,0
ped2/train/12/120.jpg,0
ped2/train/12/121.jpg,0
ped2/train/12/122.jpg,0
ped2/train/12/123.jpg,0
ped2/train/12/124.jpg,0
ped2/train/12/125.jpg,0
ped2/train/12/126.jpg,0
ped2/train/12/127.jpg,0
ped2/train/12/128.jpg,0
ped2/train/12/129.jpg,0
ped2/train/12/130.jpg,0
ped2/train/12/131.jpg,0
ped2/train/12/132.jpg,0
ped2/train/12/133.jpg,0
ped2/train/12/134.jpg,0
ped2/train/12/135.jpg,0
ped2/train/12/136.jpg,0
ped2/train/12/137.jpg,0
ped2/train/12/138.jpg,0
ped2/train/12/139.jpg,0
ped2/train/12/140.jpg,0
ped2/train/12/141.jpg,0
ped2/train/12/142.jpg,0
ped2/train/12/143.jpg,0
ped2/train/12/144.jpg,0
ped2/train/12/145.jpg,0
ped2/train/12/146.jpg,0
ped2/train/12/147.jpg,0
ped2/train/12/148.jpg,0
ped2/train/12/149.jpg,0
ped2/train/12/150.jpg,0
ped2/train/12/151.jpg,0
ped2/train/12/152.jpg,0
ped2/train/12/153.jpg,0
ped2/train/12/154.jpg,0
ped2/train/12/155.jpg,0
ped2/train/12/156.jpg,0
ped2/train/12/157.jpg,0
ped2/train/12/158.jpg,0
ped2/train/12/159.jpg,0
ped2/train/12/160.jpg,0
ped2/train/12/161.jpg,0
ped2/train/12/162.jpg,0
ped2/train/12/163.jpg,0
ped2/train/12/164.jpg,0
ped2/train/12/165.jpg,0
ped2/train/12/166.jpg,0
ped2/train/12/167.jpg,0
ped2/train/12/168.jpg,0
ped2/train/12/169.jpg,0
ped2/train/12/170.jpg,0
ped2/train/12/171.jpg,0
ped2/train/12/172.jpg,0
ped2/train/12/173.jpg,0
ped2/train/12/174.jpg,0
ped2/train/12/175.jpg,0
ped2/train/12/176.jpg,0
ped2/train/12/177.jpg,0
ped2/train/12/178.jpg,0
ped2/train/12/179.jpg,0
ped2/train/13/000.jpg,0
ped2/train/13/001.jpg,0
ped2/train/13/002.jpg,0
ped2/train/13/003.jpg,0
ped2/train/13/004.jpg,0
ped2/train/13/005.jpg,0
ped2/train/13/006.jpg,0
ped2/train/13/007.jpg,0
ped2/train/13/008.jpg,0
ped2/train/13/009.jpg,0
ped2/train/13/010.jpg,0
ped2/train/13/011.jpg,0
ped2/train/13/012.jpg,0
ped2/train/13/013.jpg,0
ped2/train/13/014.jpg,0
ped2/train/13/015.jpg,0
ped2/train/13/016.jpg,0
ped2/train/13/017.jpg,0
ped2/train/13/018.jpg,0
ped2/train/13/019.jpg,0
ped2/train/13/020.jpg,0
ped2/train/13/021.jpg,0
ped2/train/13/022.jpg,0
ped2/train/13/023.jpg,0
ped2/train/13/024.jpg,0
ped2/train/13/025.jpg,0
ped2/train/13/026.jpg,0
ped2/train/13/027.jpg,0
ped2/train/13/028.jpg,0
ped2/train/13/029.jpg,0
ped2/train/13/030.jpg,0
ped2/train/13/031.jpg,0
ped2/train/13/032.jpg,0
ped2/train/13/033.jpg,0
ped2/train/13/034.jpg,0
ped2/train/13/035.jpg,0
ped2/train/13/036.jpg,0
ped2/train/13/037.jpg,0
ped2/train/13/038.jpg,0
ped2/train/13/039.jpg,0
ped2/train/13/040.jpg,0
ped2/train/13/041.jpg,0
ped2/train/13/042.jpg,0
ped2/train/13/043.jpg,0
ped2/train/13/044.jpg,0
ped2/train/13/045.jpg,0
ped2/train/13/046.jpg,0
ped2/train/13/047.jpg,0
ped2/train/13/048.jpg,0
ped2/train/13/049.jpg,0
ped2/train/13/050.jpg,0
ped2/train/13/051.jpg,0
ped2/train/13/052.jpg,0
ped2/train/13/053.jpg,0
ped2/train/13/054.jpg,0
ped2/train/13/055.jpg,0
ped2/train/13/056.jpg,0
ped2/train/13/057.jpg,0
ped2/train/13/058.jpg,0
ped2/train/13/059.jpg,0
ped2/train/13/060.jpg,0
ped2/train/13/061.jpg,0
ped2/train/13/062.jpg,0
ped2/train/13/063.jpg,0
ped2/train/13/064.jpg,0
ped2/train/13/065.jpg,0
ped2/train/13/066.jpg,0
ped2/train/13/067.jpg,0
ped2/train/13/068.jpg,0
ped2/train/13/069.jpg,0
ped2/train/13/070.jpg,0
ped2/train/13/071.jpg,0
ped2/train/13/072.jpg,0
ped2/train/13/073.jpg,0
ped2/train/13/074.jpg,0
ped2/train/13/075.jpg,0
ped2/train/13/076.jpg,0
ped2/train/13/077.jpg,0
ped2/train/13/078.jpg,0
ped2/train/13/079.jpg,0
ped2/train/13/080.jpg,0
ped2/train/13/081.jpg,0
ped2/train/13/082.jpg,0
ped2/train/13/083.jpg,0
ped2/train/13/084.jpg,0
ped2/train/13/085.jpg,0
ped2/train/13/086.jpg,0
ped2/train/13/087.jpg,0
ped2/train/13/088.jpg,0
ped2/train/13/089.jpg,0
ped2/train/13/090.jpg,0
ped2/train/13/091.jpg,0
ped2/train/13/092.jpg,0
ped2/train/13/093.jpg,0
ped2/train/13/094.jpg,0
ped2/train/13/095.jpg,0
ped2/train/13/096.jpg,0
ped2/train/13/097.jpg,0
ped2/train/13/098.jpg,0
ped2/train/13/099.jpg,0
ped2/train/13/100.jpg,0
ped2/train/13/101.jpg,0
ped2/train/13/102.jpg,0
ped2/train/13/103.jpg,0
ped2/train/13/104.jpg,0
ped2/train/13/105.jpg,0
ped2/train/13/106.jpg,0
ped2/train/13/107.jpg,0
ped2/train/13/108.jpg,0
ped2/train/13/109.jpg,0
ped2/train/13/110.jpg,0
ped2/train/13/111.jpg,0
ped2/train/13/112.jpg,0
ped2/train/13/113.jpg,0
ped2/train/13/114.jpg,0
ped2/train/13/115.jpg,0
ped2/train/13/116.jpg,0
ped2/train/13/117.jpg,0
ped2/train/13/118.jpg,0
ped2/train/13/119.jpg,0
ped2/train/13/120.jpg,0
ped2/train/13/121.jpg,0
ped2/train/13/122.jpg,0
ped2/train/13/123.jpg,0
ped2/train/13/124.jpg,0
ped2/train/13/125.jpg,0
ped2/train/13/126.jpg,0
ped2/train/13/127.jpg,0
ped2/train/13/128.jpg,0
ped2/train/13/129.jpg,0
ped2/train/13/130.jpg,0
ped2/train/13/131.jpg,0
ped2/train/13/132.jpg,0
ped2/train/13/133.jpg,0
ped2/train/13/134.jpg,0
ped2/train/13/135.jpg,0
ped2/train/13/136.jpg,0
ped2/train/13/137.jpg,0
ped2/train/13/138.jpg,0
ped2/train/13/139.jpg,0
ped2/train/13/140.jpg,0
ped2/train/13/141.jpg,0
ped2/train/13/142.jpg,0
ped2/train/13/143.jpg,0
ped2/train/13/144.jpg,0
ped2/train/13/145.jpg,0
ped2/train/13/146.jpg,0
ped2/train/13/147.jpg,0
ped2/train/13/148.jpg,0
ped2/train/13/149.jpg,0
ped2/train/13/150.jpg,0
ped2/train/13/151.jpg,0
ped2/train/13/152.jpg,0
ped2/train/13/153.jpg,0
ped2/train/13/154.jpg,0
ped2/train/13/155.jpg,0
ped2/train/13/156.jpg,0
ped2/train/13/157.jpg,0
ped2/train/13/158.jpg,0
ped2/train/13/159.jpg,0
ped2/train/13/160.jpg,0
ped2/train/13/161.jpg,0
ped2/train/13/162.jpg,0
ped2/train/13/163.jpg,0
ped2/train/13/164.jpg,0
ped2/train/13/165.jpg,0
ped2/train/13/166.jpg,0
ped2/train/13/167.jpg,0
ped2/train/13/168.jpg,0
ped2/train/13/169.jpg,0
ped2/train/13/170.jpg,0
ped2/train/13/171.jpg,0
ped2/train/13/172.jpg,0
ped2/train/13/173.jpg,0
ped2/train/13/174.jpg,0
ped2/train/13/175.jpg,0
ped2/train/13/176.jpg,0
ped2/train/13/177.jpg,0
ped2/train/13/178.jpg,0
ped2/train/13/179.jpg,0
ped2/train/14/000.jpg,0
ped2/train/14/001.jpg,0
ped2/train/14/002.jpg,0
ped2/train/14/003.jpg,0
ped2/train/14/004.jpg,0
ped2/train/14/005.jpg,0
ped2/train/14/006.jpg,0
ped2/train/14/007.jpg,0
ped2/train/14/008.jpg,0
ped2/train/14/009.jpg,0
ped2/train/14/010.jpg,0
ped2/train/14/011.jpg,0
ped2/train/14/012.jpg,0
ped2/train/14/013.jpg,0
ped2/train/14/014.jpg,0
ped2/train/14/015.jpg,0
ped2/train/14/016.jpg,0
ped2/train/14/017.jpg,0
ped2/train/14/018.jpg,0
ped2/train/14/019.jpg,0
ped2/train/14/020.jpg,0
ped2/train/14/021.jpg,0
ped2/train/14/022.jpg,0
ped2/train/14/023.jpg,0
ped2/train/14/024.jpg,0
ped2/train/14/025.jpg,0
ped2/train/14/026.jpg,0
ped2/train/14/027.jpg,0
ped2/train/14/028.jpg,0
ped2/train/14/029.jpg,0
ped2/train/14/030.jpg,0
ped2/train/14/031.jpg,0
ped2/train/14/032.jpg,0
ped2/train/14/033.jpg,0
ped2/train/14/034.jpg,0
ped2/train/14/035.jpg,0
ped2/train/14/036.jpg,0
ped2/train/14/037.jpg,0
ped2/train/14/038.jpg,0
ped2/train/14/039.jpg,0
ped2/train/14/040.jpg,0
ped2/train/14/041.jpg,0
ped2/train/14/042.jpg,0
ped2/train/14/043.jpg,0
ped2/train/14/044.jpg,0
ped2/train/14/045.jpg,0
ped2/train/14/046.jpg,0
ped2/train/14/047.jpg,0
ped2/train/14/048.jpg,0
ped2/train/14/049.jpg,0
ped2/train/14/050.jpg,0
ped2/train/14/051.jpg,0
ped2/train/14/052.jpg,0
ped2/train/14/053.jpg,0
ped2/train/14/054.jpg,0
ped2/train/14/055.jpg,0
ped2/train/14/056.jpg,0
ped2/train/14/057.jpg,0
ped2/train/14/058.jpg,0
ped2/train/14/059.jpg,0
ped2/train/14/060.jpg,0
ped2/train/14/061.jpg,0
ped2/train/14/062.jpg,0
ped2/train/14/063.jpg,0
ped2/train/14/064.jpg,0
ped2/train/14/065.jpg,0
ped2/train/14/066.jpg,0
ped2/train/14/067.jpg,0
ped2/train/14/068.jpg,0
ped2/train/14/069.jpg,0
ped2/train/14/070.jpg,0
ped2/train/14/071.jpg,0
ped2/train/14/072.jpg,0
ped2/train/14/073.jpg,0
ped2/train/14/074.jpg,0
ped2/train/14/075.jpg,0
ped2/train/14/076.jpg,0
ped2/train/14/077.jpg,0
ped2/train/14/078.jpg,0
ped2/train/14/079.jpg,0
ped2/train/14/080.jpg,0
ped2/train/14/081.jpg,0
ped2/train/14/082.jpg,0
ped2/train/14/083.jpg,0
ped2/train/14/084.jpg,0
ped2/train/14/085.jpg,0
ped2/train/14/086.jpg,0
ped2/train/14/087.jpg,0
ped2/train/14/088.jpg,0
ped2/train/14/089.jpg,0
ped2/train/14/090.jpg,0
ped2/train/14/091.jpg,0
ped2/train/14/092.jpg,0
ped2/train/14/093.jpg,0
ped2/train/14/094.jpg,0
ped2/train/14/095.jpg,0
ped2/train/14/096.jpg,0
ped2/train/14/097.jpg,0
ped2/train/14/098.jpg,0
ped2/train/14/099.jpg,0
ped2/train/14/100.jpg,0
ped2/train/14/101.jpg,0
ped2/train/14/102.jpg,0
ped2/train/14/103.jpg,0
ped2/train/14/104.jpg,0
ped2/train/14/105.jpg,0
ped2/train/14/106.jpg,0
ped2/train/14/107.jpg,0
ped2/train/14/108.jpg,0
ped2/train/14/109.jpg,0
ped2/train/14/110.jpg,0
ped2/train/14/111.jpg,0
ped2/train/14/112.jpg,0
ped2/train/14/113.jpg,0
ped2/train/14/114.jpg,0
ped2/train/14/115.jpg,0
ped2/train/14/116.jpg,0
ped2/train/14/117.jpg,0
ped2/train/14/118.jpg,0
ped2/train/14/119.jpg,0
ped2/train/14/120.jpg,0
ped2/train/14/121.jpg,0
ped2/train/14/122.jpg,0
ped2/train/14/123.jpg,0
ped2/train/14/124.jpg,0
ped2/train/14/125.jpg,0
ped2/train/14/126.jpg,0
ped2/train/14/127.jpg,0
ped2/train/14/128.jpg,0
ped2/train/14/129.jpg,0
ped2/train/14/130.jpg,0
ped2/train/14/131.jpg,0
ped2/train/14/132.jpg,0
ped2/train/14/133.jpg,0
ped2/train/14/134.jpg,0
ped2/train/14/135.jpg,0
ped2/train/14/136.jpg,0
ped2/train/14/137.jpg,0
ped2/train/14/138.jpg,0
ped2/train/14/139.jpg,0
ped2/train/14/140.jpg,0
ped2/train/14/141.jpg,0
ped2/train/14/142.jpg,0
ped2/train/14/143.jpg,0
ped2/train/14/144.jpg,0
ped2/train/14/145.jpg,0
ped2/train/14/146.jpg,0
ped2/train/14/147.jpg,0
ped2/train/14/148.jpg,0
ped2/train/14/149.jpg,0
ped2/train/15/000.jpg,0
ped2/train/15/001.jpg,0
ped2/train/15/002.jpg,0
ped2/train/15/003.jpg,0
ped2/train/15/004.jpg,0
ped2/train/15/005.jpg,0
ped2/train/15/006.jpg,0
ped2/train/15/007.jpg,0
ped2/train/15/008.jpg,0
ped2/train/15/009.jpg,0
ped2/train/15/010.jpg,0
ped2/train/15/011.jpg,0
ped2/train/15/012.jpg,0
ped2/train/15/013.jpg,0
ped2/train/15/014.jpg,0
ped2/train/15/015.jpg,0
ped2/train/15/016.jpg,0
ped2/train/15/017.jpg,0
ped2/train/15/018.jpg,0
ped2/train/15/019.jpg,0
ped2/train/15/020.jpg,0
ped2/train/15/021.jpg,0
ped2/train/15/022.jpg,0
ped2/train/15/023.jpg,0
ped2/train/15/024.jpg,0
ped2/train/15/025.jpg,0
ped2/train/15/026.jpg,0
ped2/train/15/027.jpg,0
ped2/train/15/028.jpg,0
ped2/train/15/029.jpg,0
ped2/train/15/030.jpg,0
ped2/train/15/031.jpg,0
ped2/train/15/032.jpg,0
ped2/train/15/033.jpg,0
ped2/train/15/034.jpg,0
ped2/train/15/035.jpg,0
ped2/train/15/036.jpg,0
ped2/train/15/037.jpg,0
ped2/train/15/038.jpg,0
ped2/train/15/039.jpg,0
ped2/train/15/040.jpg,0
ped2/train/15/041.jpg,0
ped2/train/15/042.jpg,0
ped2/train/15/043.jpg,0
ped2/train/15/044.jpg,0
ped2/train/15/045.jpg,0
ped2/train/15/046.jpg,0
ped2/train/15/047.jpg,0
ped2/train/15/048.jpg,0
ped2/train/15/049.jpg,0
ped2/train/15/050.jpg,0
ped2/train/15/051.jpg,0
ped2/train/15/052.jpg,0
ped2/train/15/053.jpg,0
ped2/train/15/054.jpg,0
ped2/train/15/055.jpg,0
ped2/train/15/056.jpg,0
ped2/train/15/057.jpg,0
ped2/train/15/058.jpg,0
ped2/train/15/059.jpg,0
ped2/train/15/060.jpg,0
ped2/train/15/061.jpg,0
ped2/train/15/062.jpg,0
ped2/train/15/063.jpg,0
ped2/train/15/064.jpg,0
ped2/train/15/065.jpg,0
ped2/train/15/066.jpg,0
ped2/train/15/067.jpg,0
ped2/train/15/068.jpg,0
ped2/train/15/069.jpg,0
ped2/train/15/070.jpg,0
ped2/train/15/071.jpg,0
ped2/train/15/072.jpg,0
ped2/train/15/073.jpg,0
ped2/train/15/074.jpg,0
ped2/train/15/075.jpg,0
ped2/train/15/076.jpg,0
ped2/train/15/077.jpg,0
ped2/train/15/078.jpg,0
ped2/train/15/079.jpg,0
ped2/train/15/080.jpg,0
ped2/train/15/081.jpg,0
ped2/train/15/082.jpg,0
ped2/train/15/083.jpg,0
ped2/train/15/084.jpg,0
ped2/train/15/085.jpg,0
ped2/train/15/086.jpg,0
ped2/train/15/087.jpg,0
ped2/train/15/088.jpg,0
ped2/train/15/089.jpg,0
ped2/train/15/090.jpg,0
ped2/train/15/091.jpg,0
ped2/train/15/092.jpg,0
ped2/train/15/093.jpg,0
ped2/train/15/094.jpg,0
ped2/train/15/095.jpg,0
ped2/train/15/096.jpg,0
ped2/train/15/097.jpg,0
ped2/train/15/098.jpg,0
ped2/train/15/099.jpg,0
ped2/train/15/100.jpg,0
ped2/train/15/101.jpg,0
ped2/train/15/102.jpg,0
ped2/train/15/103.jpg,0
ped2/train/15/104.jpg,0
ped2/train/15/105.jpg,0
ped2/train/15/106.jpg,0
ped2/train/15/107.jpg,0
ped2/train/15/108.jpg,0
ped2/train/15/109.jpg,0
ped2/train/15/110.jpg,0
ped2/train/15/111.jpg,0
ped2/train/15/112.jpg,0
ped2/train/15/113.jpg,0
ped2/train/15/114.jpg,0
ped2/train/15/115.jpg,0
ped2/train/15/116.jpg,0
ped2/train/15/117.jpg,0
ped2/train/15/118.jpg,0
ped2/train/15/119.jpg,0
ped2/train/15/120.jpg,0
ped2/train/15/121.jpg,0
ped2/train/15/122.jpg,0
ped2/train/15/123.jpg,0
ped2/train/15/124.jpg,0
ped2/train/15/125.jpg,0
ped2/train/15/126.jpg,0
ped2/train/15/127.jpg,0
ped2/train/15/128.jpg,0
ped2/train/15/129.jpg,0
ped2/train/15/130.jpg,0
ped2/train/15/131.jpg,0
ped2/train/15/132.jpg,0
ped2/train/15/133.jpg,0
ped2/train/15/134.jpg,0
ped2/train/15/135.jpg,0
ped2/train/15/136.jpg,0
ped2/train/15/137.jpg,0
ped2/train/15/138.jpg,0
ped2/train/15/139.jpg,0
ped2/train/15/140.jpg,0
ped2/train/15/141.jpg,0
ped2/train/15/142.jpg,0
ped2/train/15/143.jpg,0
ped2/train/15/144.jpg,0
ped2/train/15/145.jpg,0
ped2/train/15/146.jpg,0
ped2/train/15/147.jpg,0
ped2/train/15/148.jpg,0
ped2/train/15/149.jpg,0
ped2/train/16/000.jpg,0
ped2/train/16/001.jpg,0
ped2/train/16/002.jpg,0
ped2/train/16/003.jpg,0
ped2/train/16/004.jpg,0
ped2/train/16/005.jpg,0
ped2/train/16/006.jpg,0
ped2/train/16/007.jpg,0
ped2/train/16/008.jpg,0
ped2/train/16/009.jpg,0
ped2/train/16/010.jpg,0
ped2/train/16/011.jpg,0
ped2/train/16/012.jpg,0
ped2/train/16/013.jpg,0
ped2/train/16/014.jpg,0
ped2/train/16/015.jpg,0
ped2/train/16/016.jpg,0
ped2/train/16/017.jpg,0
ped2/train/16/018.jpg,0
ped2/train/16/019.jpg,0
ped2/train/16/020.jpg,0
ped2/train/16/021.jpg,0
ped2/train/16/022.jpg,0
ped2/train/16/023.jpg,0
ped2/train/16/024.jpg,0
ped2/train/16/025.jpg,0
ped2/train/16/026.jpg,0
ped2/train/16/027.jpg,0
ped2/train/16/028.jpg,0
ped2/train/16/029.jpg,0
ped2/train/16/030.jpg,0
ped2/train/16/031.jpg,0
ped2/train/16/032.jpg,0
ped2/train/16/033.jpg,0
ped2/train/16/034.jpg,0
ped2/train/16/035.jpg,0
ped2/train/16/036.jpg,0
ped2/train/16/037.jpg,0
ped2/train/16/038.jpg,0
ped2/train/16/039.jpg,0
ped2/train/16/040.jpg,0
ped2/train/16/041.jpg,0
ped2/train/16/042.jpg,0
ped2/train/16/043.jpg,0
ped2/train/16/044.jpg,0
ped2/train/16/045.jpg,0
ped2/train/16/046.jpg,0
ped2/train/16/047.jpg,0
ped2/train/16/048.jpg,0
ped2/train/16/049.jpg,0
ped2/train/16/050.jpg,0
ped2/train/16/051.jpg,0
ped2/train/16/052.jpg,0
ped2/train/16/053.jpg,0
ped2/train/16/054.jpg,0
ped2/train/16/055.jpg,0
ped2/train/16/056.jpg,0
ped2/train/16/057.jpg,0
ped2/train/16/058.jpg,0
ped2/train/16/059.jpg,0
ped2/train/16/060.jpg,0
ped2/train/16/061.jpg,0
ped2/train/16/062.jpg,0
ped2/train/16/063.jpg,0
ped2/train/16/064.jpg,0
ped2/train/16/065.jpg,0
ped2/train/16/066.jpg,0
ped2/train/16/067.jpg,0
ped2/train/16/068.jpg,0
ped2/train/16/069.jpg,0
ped2/train/16/070.jpg,0
ped2/train/16/071.jpg,0
ped2/train/16/072.jpg,0
ped2/train/16/073.jpg,0
ped2/train/16/074.jpg,0
ped2/train/16/075.jpg,0
ped2/train/16/076.jpg,0
ped2/train/16/077.jpg,0
ped2/train/16/078.jpg,0
ped2/train/16/079.jpg,0
ped2/train/16/080.jpg,0
ped2/train/16/081.jpg,0
ped2/train/16/082.jpg,0
ped2/train/16/083.jpg,0
ped2/train/16/084.jpg,0
ped2/train/16/085.jpg,0
ped2/train/16/086.jpg,0
ped2/train/16/087.jpg,0
ped2/train/16/088.jpg,0
ped2/train/16/089.jpg,0
ped2/train/16/090.jpg,0
ped2/train/16/091.jpg,0
ped2/train/16/092.jpg,0
ped2/train/16/093.jpg,0
ped2/train/16/094.jpg,0
ped2/train/16/095.jpg,0
ped2/train/16/096.jpg,0
ped2/train/16/097.jpg,0
ped2/train/16/098.jpg,0
ped2/train/16/099.jpg,0
ped2/train/16/100.jpg,0
ped2/train/16/101.jpg,0
ped2/train/16/102.jpg,0
ped2/train/16/103.jpg,0
ped2/train/16/104.jpg,0
ped2/train/16/105.jpg,0
ped2/train/16/106.jpg,0
ped2/train/16/107.jpg,0
ped2/train/16/108.jpg,0
ped2/train/16/109.jpg,0
ped2/train/16/110.jpg,0
ped2/train/16/111.jpg,0
ped2/train/16/112.jpg,0
ped2/train/16/113.jpg,0
ped2/train/16/114.jpg,0
ped2/train/16/115.jpg,0
ped2/train/16/116.jpg,0
ped2/train/16/117.jpg,0
ped2/train/16/118.jpg,0
ped2/train/16/119.jpg,0
ped2/train/16/120.jpg,0
ped2/train/16/121.jpg,0
ped2/train/16/122.jpg,0
ped2/train/16/123.jpg,0
ped2/train/16/124.jpg,0
ped2/train/16/125.jpg,0
ped2/train/16/126.jpg,0
ped2/train/16/127.jpg,0
ped2/train/16/128.jpg,0
ped2/train/16/129.jpg,0
ped2/train/16/130.jpg,0
ped2/train/16/131.jpg,0
ped2/train/16/132.jpg,0
ped2/train/16/133.jpg,0
ped2/train/16/134.jpg,0
ped2/train/16/135.jpg,0
ped2/train/16/136.jpg,0
ped2/train/16/137.jpg,0
ped2/train/16/138.jpg,0
ped2/train/16/139.jpg,0
ped2/train/16/140.jpg,0
ped2/train/16/141.jpg,0
ped2/train/16/142.jpg,0
ped2/train/16/143.jpg,0
ped2/train/16/144.jpg,0
ped2/train/16/145.jpg,0
ped2/train/16/146.jpg,0
ped2/train/16/147.jpg,0
ped2/train/16/148.jpg,0
ped2/train/16/149.jpg,0
